158023,Lionel Andres Messi Cuccittini,"RW, ST, CF"
20801,Cristiano Ronaldo dos Santos Aveiro,"ST, LW"
200389,Jan Oblak,GK
188545,Robert Lewandowski,ST
190871,Neymar da Silva Santos Junior,"LW, CAM"
192985,Kevin De Bruyne,"CAM, CM"
231747,Kylian Mbappe Lottin,"ST, LW, RW"
192448,Marc-Andre ter Stegen,GK
203376,Virgil van Dijk,CB
212831,Alisson Ramses Becker,GK
208722,Sadio Mane,LW
209331,Mohamed Salah Ghaly,RW
192119,Thibaut Courtois,GK
153079,Sergio Leonel Aguero del Castillo,ST
155862,Sergio Ramos Garcia,CB
165153,Karim Benzema,"CF, ST"
167495,Manuel Neuer,GK
200145,Carlos Henrique Venancio Casimiro,CDM
210257,Ederson Santana de Moraes,GK
202652,Raheem Shaquille Sterling,"LW, RW"
212622,Joshua Kimmich,"CDM, RB"
202126,Harry Kane,ST
211110,Paulo Bruno Exequiel Dybala,"CF, CAM"
162835,Samir Handanovic,GK
182521,Toni Kroos,CM
183277,Eden Hazard,"LW, ST"
201024,Kalidou Koulibaly,CB
215914,N'Golo Kante,"CDM, CM"
233049,Jadon Sancho,"RM, LM, CAM"
231281,Trent Alexander-Arnold,RB
212198,Bruno Miguel Borges Fernandes,"CAM, CM"
212218,Aymeric Laporte,CB
209499,Fabio Henrique Tavares,CDM
216267,Andrew Robertson,LB
218667,Bernardo Mota Veiga de Carvalho e Silva,"RW, CAM, CM"
138956,Giorgio Chiellini,CB
167948,Hugo Lloris,GK
176580,Luis Alberto Suarez Diaz,ST
177003,Luka Modric,CM
183898,Angel Fabian Di Maria Hernandez,"RW, LW"
186153,Wojciech Szczesny,GK
188567,Pierre-Emerick Aubameyang,"ST, LW"
189511,Sergio Busquets i Burgos,CDM
192387,Ciro Immobile,ST
193041,Keylor Navas Gamboa,GK
194765,Antoine Griezmann,"ST, CF, LW"
200104,H. Son,"LM, CF"
201942,Roberto Firmino Barbosa de Oliveira,CF
201535,Raphael Varane,CB
195864,Paul Pogba,"CM, CDM"
199556,Marco Verratti,"CM, CDM"
143076,Alejandro Dario Gomez,"CAM, CF, ST"
152729,Gerard Pique Bernabeu,CB
168542,David Josue Jimenez Silva,"CAM, CM"
177683,Yann Sommer,GK
178603,Mats Hummels,CB
183711,Jordan Brian Henderson,"CDM, CM"
189332,Jordi Alba Ramos,LB
189596,Thomas Muller,"CAM, RM, RW"
193080,David De Gea Quintana,GK
204963,Daniel Carvajal Ramos,RB
208830,Jamie Vardy,ST
235790,Kai Havertz,"CAM, RM, CF"
230621,Gianluigi Donnarumma,GK
235243,Matthijs de Ligt,CB
231677,Marcus Rashford,"LM, ST"
222492,Leroy Sane,LM
228702,Frenkie de Jong,CM
207865,Marcos Aoas Correa,"CB, CDM"
220440,Clement Nicolas Laurent Lenglet,CB
223848,Sergej Milinkovic-Savic,"CM, CDM, CAM"
232363,Milan Skriniar,CB
202556,Memphis Depay,"CF, LW, CAM"
212188,Timo Werner,ST
231866,Rodrigo Hernandez Cascante,"CDM, CM"
192563,Bernd Leno,GK
206113,Serge Gnabry,"RM, LM, RW"
210243,Ricardo Domingos Barbosa Pereira,RB
192505,Romelu Lukaku Menama,ST
198706,Luis Alberto Romero Alconchel,"CAM, CM, CF"
201399,Mauro Emanuel Icardi Rivero,ST
208670,Hakim Ziyech,"CAM, RW"
164240,Thiago Emiliano da Silva,CB
175943,Dries Mertens,"CF, ST"
180206,Miralem Pjanic,"CM, CDM"
181291,Georginio Wijnaldum,CM
182493,Diego Roberto Godin Leal,CB
184087,Toby Alderweireld,CB
184344,Leonardo Bonucci,CB
185122,Peter Gulacsi,GK
188350,Marco Reus,"CAM, CF"
188377,Kyle Walker,RB
189509,Thiago Alcantara do Nascimento,"CM, CDM"
189513,Daniel Parejo Munoz,CM
190460,Christian Dannemann Eriksen,"CAM, CM, RM"
191043,Alex Sandro Lobo Silva,"LB, LM"
193747,Jorge Resurreccion Merodio,"CM, RM, LM"
198219,Lorenzo Insigne,"LW, CF"
204485,Riyad Mahrez,"RW, RM"
239085,Erling Haaland,ST
231478,Lautaro Javier Martinez,ST
230142,Mikel Oyarzabal Ugarte,"LW, RW"
212190,Niklas Sule,CB
230658,Arthur Henrique Ramos de Oliveira Melo,CM
209658,Leon Goretzka,"CM, CDM"
210035,Alejandro Grimaldo Garcia,LB
211300,Anthony Martial,ST
212194,Julian Brandt,"CAM, CM"
213345,Kingsley Coman,"LM, RM, LW"
216460,Jose Maria Gimenez de Vargas,CB
226753,Andre Onana,GK
226790,Onyinye Wilfred Ndidi,"CDM, CM"
208421,Saul Niguez Esclapez,"CM, LM, LB"
189117,Roman Burki,GK
198176,Stefan de Vrij,CB
200458,Lucas Digne,LB
209889,Raphael Adelino Jose Guerreiro,"LM, LB, CM"
209989,Thomas Teye Partey,CM
212462,Alex Nicolao Telles,LB
216352,Marcelo Brozovic,"CDM, CM"
135507,Fernando Luiz Rosa,"CB, CDM"
146536,Jesus Navas Gonzalez,"RB, RM"
163587,Kasper Schmeichel,GK
168435,Salvatore Sirigu,GK
176266,Lucas Pezzini Leiva,CDM
177413,Axel Witsel,"CDM, CM"
178005,Rui Pedro dos Santos Patricio,GK
184432,Cesar Azpilicueta Tanco,"RB, LB"
190483,Douglas Costa de Souza,"LM, RW, LW"
192629,Iago Aspas Juncal,"ST, RW"
193165,Jesus Manuel Corona Ruiz,"RM, RB"
193474,Idrissa Gana Gueye,"CDM, CM"
197445,David Olatukunbo Alaba,"CB, LB"
197781,Francisco Roman Alarcon Suarez,"CAM, CM, LW"
197965,Luis Miguel Afonso Fernandes,"RM, CM"
199451,Wissam Ben Yedder,ST
200647,Josip Ilicic,"CF, ST"
204838,Raul Alonso Jimenez Rodriguez,ST
207863,Felipe Augusto de Almeida Monteiro,CB
211256,Nicolas Alejandro Tagliafico,LB
239053,Federico Santiago Valverde Dipetta,CM
222665,Martin Odegaard,"CAM, CM, RM"
231443,Ousmane Dembele,"LW, RW"
211688,Jose Luis Gaya Pena,LB
212151,Thomas Strakosha,GK
221087,Pau Lopez Sabata,GK
225100,Joe Gomez,CB
225953,Steven Bergwijn,"LM, LW, RM"
228618,Ferland Mendy,LB
229880,Aaron Wan-Bissaka,"RB, RWB"
235212,Achraf Hakimi Mouh,RM
210413,Alessio Romagnoli,CB
211117,Bamidele Alli,"CAM, CM"
221363,Donny van de Beek,"CM, CAM"
229261,Denis Lemi Zakaria Lako Lado,"CDM, CB, CM"
230666,Gabriel Fernando de Jesus,ST
205600,Samuel Yves Umtiti,CB
207410,Mateo Kovacic,"CM, CDM"
210514,Joao Pedro Cavaco Cancelo,RB
227928,Nelson Cabral Semedo,RB
192984,Koen Casteels,GK
199482,Anthony Lopes,GK
204923,Marcel Sabitzer,"CM, CAM"
219693,Diego Carlos Santos Silva,CB
192774,Konstantinos Manolas,CB
197061,Joel Andre Job Matip,CB
205069,Juan Bernat Velasco,"LB, LM"
216594,Nabil Fekir,"CAM, RM, ST"
41236,Zlatan Ibrahimovic,ST
162347,Joao Filipe Iria Santos Moutinho,CM
163705,Steve Mandanda,GK
167664,Gonzalo Gerardo Higuain,ST
169195,Renato Soares de Oliveira Augusto,"CM, CAM, LM"
169416,Carlos Alberto Vela Garrido,"RW, LW, CAM"
170890,Blaise Matuidi,"CDM, CM"
172871,Jan Bert Lieve Vertonghen,"CB, LB"
173731,Gareth Frank Bale,RW
176676,Marcelo Vieira da Silva Junior,LB
178518,Radja Nainggolan,"CAM, CM, CF"
178562,Ever Maximiliano David Banega,"CM, CDM"
180930,Edin Dzeko,ST
181872,Arturo Erasmo Vidal Pardo,"CM, CDM, CAM"
183512,Yuri Berchiche Izeta,LB
184134,Fernando Francisco Reges,"CDM, CM"
186345,Kieran Trippier,RB
186942,Ilkay Gundogan,"CM, CDM"
187961,Jose Paulo Bezzera Maciel Junior,"CM, CAM, CDM"
188152,Oscar dos Santos Emboaba Junior,"CAM, CM, LW"
188943,Kevin Trapp,GK
189242,Philippe Coutinho Correia,"CAM, LW, CM"
189575,Iker Muniain Goni,"LW, CAM, RW"
190941,Lukas Hradecky,GK
193301,Alexandre Lacazette,ST
193314,Aitor Fernandez Abarisketa,GK
198717,Wilfried Zaha,"LM, CF"
199042,Charles Mariano Aranguiz Sandoval,"CDM, CM"
199434,Dusan Tadic,"CF, LW, CAM"
199564,Sergio Roberto Carnicer,"RB, CM"
199845,Francesco Acerbi,CB
199914,Allan Marques Loureiro,CM
200949,Lucas Rodrigues Moura da Silva,"RM, CF"
203486,Thorgan Hazard,"LM, RM, CF"
205070,Cristian Portugues Manzanera,"RW, RM, CF"
205498,Luiz Frello Filho Jorge,"CM, CDM"
205678,Edin Visca,RM
208093,Gerard Moreno Balaguero,"ST, RM, CF"
208574,Filip Kostic,"LM, LWB"
215333,Duvan Esteban Zapata Banguera,ST
216547,Rafael Alexandre Fernandes Ferreira da Silva,"LM, RM"
220407,Martin Dubravka,GK
224334,Marcos Javier Acuna,"LB, LM"
230481,Ronaldo Jailson Cabrais Petri,"CAM, RM"
245279,Sergio Reguilon Rodriguez,"LB, LM"
226271,Fabian Ruiz Pena,CM
220814,Lucas Hernandez Pi,"CB, LB"
224293,Ruben Diogo da Silva Neves,CM
226226,Giovani Lo Celso,"CM, CAM"
193105,Alphonse Areola,GK
206585,Kepa Arrizabalaga Revuelta,GK
215698,Mike Maignan,GK
220834,Marco Asensio Willemsen,"LW, RW"
225375,Konrad Laimer,"CDM, CM, RB"
203263,Harry Maguire,CB
212523,Anderson Souza Conceicao,"CAM, RW"
214997,Angel Martin Correa,"RM, ST"
215316,Geronimo Rulli,GK
226110,Nicolas Pepe,"RM, RW"
226161,Marcos Llorente Moreno,"CM, CF, RM"
198009,Mattia Perin,GK
208333,Emre Can,"CM, CDM"
209960,Fernando Pacheco Flores,GK
223952,David Soria Solis,GK
201153,Alvaro Borja Morata Martin,ST
201305,Gabriel Armando de Abreu,CB
203841,Nick Pope,GK
205632,Lucas Ariel Ocampos,"RW, LW"
207862,Matthias Ginter,CB
217940,Djene Dakonam Ortega,CB
236583,Jiri Pavlenka,GK
1179,Gianluigi Buffon,GK
157481,Raul Albiol Tortajada,CB
168651,Ivan Rakitic,CM
176635,Mesut Ozil,"CAM, RW"
177388,Dimitri Payet,"LW, CAM"
177457,Lars Bender,"RB, CDM, CM"
178750,Sergio Asenjo Andres,GK
180403,Willian Borges da Silva,"RW, LW, RM"
181458,Ivan Perisic,"LM, LW"
182494,Nestor Fernando Muslera Micol,GK
183907,Jerome Boateng,CB
184200,Marko Arnautovic,ST
185103,Aleksandar Kolarov,LB
186561,Aaron Ramsey,"CM, CAM"
190286,Sergio Canales Madrazo,"CM, LM, RM"
190815,Daley Blind,"CB, CDM, LB"
193525,Mario Figueira Fernandes,"RWB, RM"
193698,Oliver Baumann,GK
194404,Norberto Murara Neto,GK
198329,Rodrigo Moreno Machado,ST
198710,James David Rodriguez Rubio,"CAM, CM, RM"
200888,Danilo Luis Helio Pereira,"CDM, CM"
201095,Agustin Federico Marchesin,GK
202857,Karim Bellarabi,"RM, RW"
204120,Tomas Vaclik,GK
204970,Florian Thauvin,"RW, RM"
208418,Yannick Ferreira Carrasco,LM
208808,Quincy Anton Promes,"CAM, LW, ST"
210665,Marcel Halstenberg,"LB, CB, LWB"
216354,Andrej Kramaric,"ST, CAM"
223697,Robin Gosens,LM
230168,Raphael William Anjos Rochedo,GK
230375,Josue Durval Chiamulera Vaz,CB
242444,Joao Felix Sequeira,"CF, ST"
234396,Alphonso Davies,"LB, LM, RM"
234906,Houssem Aouar,"CM, LM"
239231,Marc Cucurella Saseta,"LM, LB"
241461,Ferran Torres Garcia,"RM, LM, CF"
231943,Richarlison de Andrade,"ST, RM, LM"
241852,Moussa Diaby,LM
224411,Goncalo Manuel Ganchinho Guedes,"LM, ST"
227796,Christian Pulisic,"LW, RW, LM"
239818,Ruben dos Santos Gato Alves Dias,CB
251573,Renan Augusto Lodi dos Santos,LB
211990,Odisseas Vlachodimos,GK
222716,Everton Sousa Soares,LM
236792,Tomas Soucek,"CDM, CM"
205659,Alessio Cragno,GK
211591,Moussa Dembele,ST
213565,Thomas Lemar,"LM, CAM, RM"
216393,Youri Tielemans,CM
220697,James Maddison,"CAM, CM, LW"
220971,Naby Deco Keita,CM
223959,Lucas Torreira Di Pascua,"CDM, CM"
225850,Presnel Kimpembe,CB
226851,Benjamin Pavard,"RB, CB"
229984,Ben Chilwell,LB
233419,Raphael Dias Belloli,"RM, RW"
204884,Benjamin Mendy,LB
204935,Jordan Pickford,GK
205175,Arkadiusz Milik,ST
210455,Jonathan Castro Otto,LWB
215223,Walter Daniel Benitez,GK
215330,Carlos Joaquin Correa,"CF, ST, CAM"
216201,Inaki Williams Arthuer,"ST, RW"
220793,Davinson Sanchez Mina,CB
205452,Antonio Rudiger,CB
205693,Sebastien Haller,ST
205988,Luke Shaw,LB
209297,Frederico Rodrigues Santos,"CDM, CM"
200454,Francisco Alcacer Garcia,ST
204639,Stefan Savic,CB
205849,Esteban Maximiliano Andrada,GK
207877,Josef Alexander Martinez,ST
210008,Adrien Rabiot,"CM, CDM"
227290,Marko Dmitrovic,GK
235374,Manuel Lazzari,RM
41,Andres Iniesta Lujan,"CM, CAM"
120533,Kleper Laveran de Lima Ferreira,CB
153244,Andre-Pierre Gignac,"ST, CF"
156519,Hector Miguel Herrera Lopez,CM
156616,Franck Bilal Ribery,"CF, LM, LW"
163489,Andrea Consigli,GK
164835,Lukasz Fabianski,GK
167628,Stephane Ruffier,GK
171877,Marek Hamsik,"CM, CDM, CAM"
173426,Simon Luc Hildebert Mignolet,GK
173521,Ivan Marcano Sierra,CB
177458,Sven Bender,"CB, CDM"
177610,Javier Martinez Aginaga,"CDM, CB"
179846,Sami Khedira,"CM, CDM"
183574,Max Kruse,"CAM, ST"
187754,Marlos Romero Bonfim,"RM, CAM"
188803,Taison Barcellos Freda,"LM, CAM"
190972,Eduardo Antonio Salvio,"RM, RW"
192638,Marcos Alonso Mendoza,"LB, LWB"
193082,Juan Guillermo Cuadrado Bello,"RB, RM, RW"
193283,Thomas Delaney,"CDM, CM"
193348,Xherdan Shaqiri,RM
195365,Kevin Kampl,"CM, CDM, CAM"
197655,Sebastian Coates Nion,CB
198164,Jonathan Viera Ramos,CAM
198950,Pablo Sarabia Garcia,"RW, CAM"
199575,Jordi Masip Lopez,GK
199987,Jasper Cillessen,GK
200260,Steven Berghuis,RW
200610,Kevin Volland,"ST, RW, LW"
201119,Ismaily Goncalves dos Santos,LB
201417,Matt Doherty,"RWB, RB"
201995,Felipe Anderson Pereira Gomes,"LM, CAM"
202371,Thomas Meunier,"RB, RM"
202651,Jesus Joaquin Fernandez Saez de la Torre,"RW, CAM"
203551,Alessandro Florenzi,RB
204259,Santiago Arias Naranjo,RB
204399,Eran Zahavi,"ST, LM"
208461,Marten de Roon,"CDM, CM"
215998,Ignacio Martin Fernandez,"CM, CAM"
216189,Ander Capa Rodriguez,RB
216409,Matteo Politano,"RM, RW, ST"
223689,Wout Weghorst,ST
230225,Juan Everton Mestres de Mesquita,"CB, CDM"
230256,Adryan Juliano Zonta Torres,"LWB, LB"
230258,Rosberto J. Dourado Santos,"CDM, CM, CAM"
230294,Lourival Adnan Beretta Barbosa,"ST, CF"
230347,Welington Kaue Dano Nascimento,"LB, LM"
230384,Nuno Ailton Padrenda Mendes,"CAM, CM, ST"
230430,Marvin Oswaldo Rangel Azevedo,ST
238794,Vinicius Jose Paixao de Oliveira Junior,LW
224232,Nicolo Barella,"CM, CAM"
226166,Nordi Mukiele Mulere,"RB, CB, RWB"
233064,Mason Mount,"CAM, CM, LW"
233306,Dean Henderson,GK
235569,Tanguy Ndombele Alvaro,"CM, CDM"
240130,Eder Gabriel Militao,"CB, RB"
216388,Allan Saint-Maximin,"LM, LW, ST"
224458,Diogo Jose Teixeira da Silva,"LW, ST, CM"
225193,Mikel Merino Zazon,CM
228093,Marcus Thuram,"LW, ST"
230869,Unai Simon Mendibil,GK
232411,Christopher Nkunku,"CAM, ST"
241095,Nikola Vlasic,CAM
241671,Dominik Livakovic,GK
244369,Viktor Tsygankov,RM
203747,Hector Bellerin Moruno,"RB, RWB"
220651,Jose Angel Esmoris Tasende,LB
222331,Lukas Klostermann,"CB, RB, RWB"
222509,Daniel Ceballos Fernandez,"CM, CAM"
227813,Oleksandr Zinchenko,LB
229906,Leon Bailey Butler,"LM, RM"
232119,Caglar Soyuncu,CB
232432,Luka Jovic,ST
232656,Theo Bernard Francois Hernandez,LB
232665,Mauro Wilney Arambarri Rosa,"CDM, CM"
236632,David Neres Campos,"LW, RW, CAM"
239207,Maximiliano Gomez Gonzalez,ST
213648,Pierre-Emile Hojbjerg,CDM
221660,Victor Nilsson Lindelof,CB
227127,Alejandro Remiro Gargallo,GK
203574,John Stones,CB
204311,Kurt Happy Zouma,CB
206517,Jack Grealish,"LW, CAM, CM"
208330,Adnan Januzaj,"RW, RM"
208596,Andrea Belotti,ST
210406,Piotr Zielinski,"CM, LM"
210411,Otavio Edmilson da Silva Monteiro,"RM, CAM, CM"
211320,Daniele Rugani,CB
214979,Juan Agustin Musso,GK
219683,Corentin Tolisso,"CM, CDM"
221992,Hirving Rodrigo Lozano Bahena,"RW, ST, LW"
223874,Valentin Rongier,"CM, CDM"
227055,Gelson Dany Batalha Martins,"RM, RW"
227950,Yeray Alvarez Lopez,CB
229668,Mario Hermoso Canseco,CB
199005,Mathew Ryan,GK
201922,Martin Hinteregger,CB
212404,Federico Bernardeschi,"CAM, RM"
199503,Granit Xhaka,"CDM, CM"
199823,Jose Angel Gomez Campana,"CM, LM, CDM"
200536,Nico Schulz,"LB, LM, LWB"
200726,Benjamin Lecomte,GK
202166,Julian Draxler,"CAM, CM, LW"
202477,Gerard Deulofeu Lazaro,"LM, CF"
202562,Jerome Roussillon,"LB, LM"
202695,James Tarkowski,CB
204525,Inigo Martinez Berridi,CB
205923,Ben Davies,"LB, LWB"
206467,Alassane Plea,"ST, LW"
210935,Domenico Berardi,"RM, RW"
211748,Kerem Demirbay,CM
212814,Joao Mario Naval da Costa Eduardo,"CM, CAM, LM"
9014,Arjen Robben,"RM, CAM"
45186,Joaquin Sanchez Rodriguez,"LM, RM"
138412,James Philip Milner,"CM, RB, LB"
139068,Luis Carlos Almeida da Cunha,"LW, RW"
148119,Igor Akinfeev,GK
159145,Bafetimbi Fredius Gomis,ST
159261,Fabio Quagliarella,ST
162240,Mousa Sidi Yaya Dembele,"CM, CAM, CDM"
167397,Radamel Falcao Garcia Zarate,ST
168609,Joao Miranda de Souza Filho,CB
169588,Jonny Evans,CB
170368,Erik Lamela,"RM, CAM"
171579,Raul Garcia Escudero,"ST, CAM, RW"
172522,Daniel Wass,"RB, RM, CM"
173373,Sergio German Romero,GK
173771,Lukasz Piszczek,"CB, RB"
177604,Ignacio Monreal Eraso,LB
178086,Antonio Adan Garrido,GK
178372,Branislav Ivanovic,"CB, RB"
179645,Simon Thorup Kjr,CB
179844,Diego da Silva Costa,ST
179944,David Luiz Moreira Marinho,CB
184431,Sebastian Giovinco,"CAM, CF"
184941,Alexis Alejandro Sanchez Sanchez,"LW, LM"
184942,Giuliano Victor de Paula,CAM
185221,Luiz Gustavo Dias,"CDM, CB"
187072,Lars Stindl,"CAM, ST"
188829,Nicolas N'Koulou,CB
189125,Giacomo Bonaventura,CM
189271,Francis Coquelin,"CM, CDM"
189362,Givanildo Vieira de Souza,"RW, ST"
189505,Pedro Eliezer Rodriguez Ledesma,"RW, LW"
189690,Vicente Guaita Panadero,GK
189805,Luuk de Jong,ST
190544,Adem Ljajic,"CAM, LW"
190584,Asier Illarramendi Andonegi,"CDM, CM"
190674,Benjamin Andre,"CDM, CM"
191202,Nemanja Matic,"CDM, CM"
192064,Ricardo Goulart Pereira,"CF, CAM, ST"
192679,Sergio Escudero Palomo,"LB, LM"
192789,Mario Gaspar Perez Martinez,RB
192883,Henrikh Mkhitaryan,"RM, CAM, RW"
194022,Andre Gomes Magalhaes de Almeida,RB
195093,Willian Jose da Silva,ST
195859,Daniel William John Ings,ST
196432,Enzo Nicolas Perez,"CDM, CM"
197242,Grzegorz Krychowiak,"CDM, CM"
197853,Serge Aurier,"RB, RWB"
198141,Marc Bartra Aregall,"CB, CDM"
198951,Cedric Bakambu,ST
200724,Jose Ignacio Fernandez Iglesias,"CB, LB, RB"
202750,Willy Boly,CB
203605,Pavel Kaderabek,"RWB, RB, RM"
203843,Damian Nicolas Suarez Suarez,RB
203890,Sime Vrsaljko,RB
207566,William Silva de Carvalho,"CDM, CM"
208618,Lucas Vazquez Iglesias,RW
211241,Ruben Pena Jimenez,"RB, LB"
214584,Franco Armani,GK
219985,Matias Vecino Falero,CDM
223724,Stefan Lainer,RB
230201,Maikel Renan Catarino Fagundes,"RB, RM"
230204,Heniton Enaldo Pires Tramontino,GK
230271,Laureano Thomas Santeiro Marre,"CAM, LM, LW"
230313,Tony Josimar Abranjes Meneses,CB
245294,Jorge Ezequiel Serendero,GK
245299,Jaime Nicolas Frendado,"CB, CDM"
245300,Matias David Baldona,"CDM, CM"
245304,Saul Marcelo Ardero,"CAM, LM, LW"
245305,Luis Roberto Dalves,"ST, CF"
245308,Mauro Evidio Nerez,"LB, LM"
245309,Egidio Maestre Schetino,CB
245313,Jose Maria Sildero,"CAM, RM"
251700,Segundo Mandiquez,ST
229558,Dayotchanculle Upamecano,CB
243812,Rodrygo Silva de Goes,"RW, LW"
237692,Philip Foden,"CAM, CM"
238359,Marcus Wendel Valle da Silva,CM
232293,Victor James Osimhen,ST
236987,Boubacar Kamara,"CDM, CB"
244260,Daniel Olmo Carvajal,"CAM, LM, RM"
228092,Sander Berge,"CDM, CM"
233731,Alexander Isak,ST
234378,Declan Rice,"CDM, CM"
234612,Nanitamo Jonathan Ikone,"RM, CAM"
234943,Florian Neuhaus,CM
237942,Pervis Josue Estupinan Tenorio,LB
238476,Dan-Axel Zagadou,CB
241486,Jules Kounde,CB
213956,Adama Traore Diarra,"RW, RWB"
224254,Cristian David Pavon,"LW, RW, LM"
227535,Rodrigo Bentancur Colman,CM
229167,Milot Rashica,"CF, LW, RW"
234742,Harvey Lewis Barnes,"LW, CAM"
240754,Youcef Atal,"RB, RW"
241184,Hector Junior Firpo Adames,"LB, LM"
213331,Jonathan Tah,CB
213661,Andreas Christensen,CB
214092,Aleksey Miranchuk,"CAM, ST"
214394,Wilmar Enrique Barrios Teran,"CDM, CM"
220253,Munir El Haddadi Mohamed,"ST, RW, LW"
221479,Dominic Calvert-Lewin,ST
222400,Harry Winks,"CDM, CM"
228251,Lorenzo Pellegrini,"CAM, CM, CDM"
228941,Andre Miguel Valente da Silva,ST
233738,Igor Zubeldia Elorza,"CDM, CM, CB"
234153,Carlos Soler Barragan,"RM, LM, CM"
237238,Scott McTominay,"CDM, CM"
239433,Nemanja Maksimovic,"CDM, CM"
241727,Predrag Rajkovic,GK
244621,Carlos Vinicius Alves Morais,ST
205569,James Ward-Prowse,CM
208920,Nathan Ake,CB
210385,Rui Tiago Dantas da Silva,GK
210625,Kevin Mbabu,RB
211147,Valentino Lazaro,"RM, RWB, RB"
211515,Pierluigi Gollini,GK
220182,Jason Denayer,CB
225663,Aleksandr Golovin,"CM, CAM"
226456,Pablo Fornals Malla,"LM, CAM, RM"
228687,Kasper Dolberg,ST
233096,Denzel Justus Morris Dumfries,RB
207439,Leandro Daniel Paredes,"CM, CDM"
208104,Matheus Lima Magalhaes,GK
210736,Emerson Palmieri dos Santos,LB
210896,Morgan Sanson,"CM, CAM"
216643,Leo Dubois,RB
219792,Baptiste Santamaria,"CDM, CM"
222028,Julian Weigl,"CDM, CM, CB"
224196,Ramy Bensebaini,"LB, CB"
224309,Joan Jordan Moreno,"CM, CDM, CAM"
225508,Eric Bertrand Bailly,CB
228520,Luis Ezequiel Avila,"ST, RM"
234035,Alvaro Odriozola Arzalluz,RB
237239,Enis Bardhi,"LM, CM"
199641,Matz Sels,GK
201519,Jordan Veretout,"CDM, CM"
202048,Conor Coady,CB
204638,Vilmos Tamas Orban,CB
216145,Armando Izzo,CB
219809,Tiemoue Bakayoko,"CDM, CM"
234642,Edouard Mendy,GK
193198,Nemanja Gudelj,"CDM, CM"
198784,Alex Oxlade-Chamberlain,CM
200110,Marco Bizot,GK
201143,Aissa Mandi,CB
201400,Rafael Alcantara do Nascimento,"CM, CAM, RM"
201455,Geoffrey Kondogbia,"CM, CDM"
202642,Fernando Lucas Martins,"CDM, CM"
202789,Alexander Schwolow,GK
206511,Maximilian Arnold,"CDM, CM"
207807,Ryan Fraser,LM
208141,Gabriel Appelt Pires,"CM, CDM"
208620,Omar Mascarell Gonzalez,"CDM, CM"
210513,Juan Fernando Quintero Paniagua,CAM
210617,Samuel Castillejo Azuaga,"RM, LM"
211575,Andre Filipe Tavares Gomes,"CM, CDM"
212187,Philipp Martin Max,"LB, LM"
213516,Ricardo Jorge da Luz Horta,"LW, RW"
216531,Joao Paulo Dias Fernandes,ST
220018,Ante Rebic,"ST, CAM"
224179,Borja Iglesias Quintas,ST
231969,Ruslan Malinovskyi,"CM, CF"
20775,Ricardo Andrade Quaresma Bernardo,"RM, LM"
24630,Jose Manuel Reina Paez,GK
140233,Francisco Guillermo Ochoa Magana,GK
142754,Javier Alejandro Mascherano,"CDM, CM, CB"
158121,Benoit Costil,GK
163155,Ben Foster,GK
165229,Laurent Koscielny,CB
168607,Marcio Rafael Ferreira de Souza,"RB, LB"
169595,Danny Rose,"LB, LWB"
172114,Diego Hernan Valeri,"CAM, ST"
172879,Sokratis Papastathopoulos,CB
175379,Pedro Leon Sanchez Gil,"RM, LM"
176550,David Ospina Ramirez,GK
176600,Kevin Gameiro,ST
176919,Nahuel Ignacio Guzman,GK
176930,Marcelo Alfonso Diaz Rojas,"CDM, CM"
177326,Mathieu Valbuena,"LM, CAM"
177633,Angel Luis Rodriguez Diaz,ST
178088,Juan Manuel Mata Garcia,"CAM, RM"
178311,Eder Citadin Martins,ST
178424,Vitorino Gabriel Pacheco Antunes,LB
178509,Olivier Giroud,ST
180216,Seamus Coleman,RB
181786,Vedran Corluka,CB
182002,Sidnei Rechel da Silva Junior,CB
183108,Nordin Amrabat,"RM, LM"
183394,Moussa Sissoko,"CM, CDM, RM"
183498,Marco Parolo,"CDM, CM"
183900,Diego Perotti,"LM, LW"
184484,Gylfi or Sigursson,"CAM, CM"
184881,Sofiane Feghouli,"RM, RW, CAM"
186537,Cristhian Ricardo Stuani Curbelo,ST
186569,Sven Ulreich,GK
187052,Yann Gerard M'Vila,"CDM, CM"
187607,Artem Dzyuba,ST
187936,Steven N'Kemboanza Mike Christopher Nzonzi,"CDM, CM"
188081,Alex Teixeira dos Santos,"ST, LW, CAM"
189053,Francesco Caputo,ST
189560,Vicente Iborra de la Fuente,"CDM, CM"
189682,Ben Mee,CB
189881,Chris Smalling,CB
190143,Jose Angel Valdes Diaz,LB
190813,Stephan El Shaarawy,"LW, LM"
191740,Ander Herrera Aguera,"CM, CDM"
192366,Nicolas Hernan Otamendi,CB
192492,Fabian Ariel Orellana Valenzuela,"RM, LM, CAM"
192598,Ai Kesen,ST
193171,Jaume Vicent Costa Jorda,LB
193983,Andy Delort,ST
199110,Luis Fernando Muriel Fruto,ST
199254,Joao Pedro Geraldino dos Santos Galvao,"CF, CAM"
199304,Danilo Luiz da Silva,"RB, LB"
199354,Lucas Perez Martinez,ST
199416,Ibai Gomez Perez,"RW, LW"
199715,Victor Machin Perez,LM
201454,Faouzi Ghoulam,LB
201956,Salif Sane,"CB, CDM"
202935,Alvaro Gonzalez Soberon,CB
203299,Andre Martin Carrillo Diaz,RM
203895,Alejandro Pozuelo Melero,"CAM, ST, CF"
204105,Kenny Lala,"RWB, RB, LB"
204614,Mario Rui Silva Duarte,LB
206304,Luka Milivojevic,"CDM, CM"
206413,Taras Stepanenko,CDM
208128,Hakan Calhanoglu,"LW, CM"
208448,Emil Forsberg,"CAM, CM"
208498,Moanes Dabour,ST
211022,Ruben Garcia Santos,"LM, ST, CAM"
213761,Abderrazak Hamdallah,ST
214040,Frank Yusty Fabra Palacios,LB
215061,Dario Ismael Benedetto,ST
215071,Milton Casco,"LB, LWB"
215590,Ayoze Perez Gutierrez,"RW, RM"
216194,Daniel Garcia Carrillo,"CM, CDM"
216475,Jose Luis Morales Nogales,"ST, LM, RM"
219789,Hamari Traore,"RB, RWB"
220132,Joseba Zaldua Bengoetxea,RB
222709,Petros Matheus dos Santos Araujo,"CDM, CM"
223578,Jaime Mata Arnaiz,ST
227536,Moussa Marega,"ST, RM"
230184,Ronaldo Diego Esler Domingues,"LB, LM"
230216,Adnan Claudiano Vidual Machado,RB
230234,Everton Jorge Andrade Zanon,"CDM, CM"
230251,Melvin Luan Parrela Porfirio,CDM
230312,Bernard Gabriel Prestao Chaves,GK
230498,Luan Vagner Boas Macedo,ST
243238,Aluisio Chaves Ribeiro Moraes Junior,ST
245295,Edgar Manuel Guichon,"LB, LM"
245297,Rafael Di Leonardo,"RB, RM"
245302,Enzo Martin Riquero,"CDM, CM, CAM"
245306,Leandro Miguel Sareda,GK
244778,Francisco Antonio Machado Mota Castro Trincao,"RW, LW, CAM"
237678,Ibrahima Konate,CB
244316,Luis Manuel Arantes Maximiano,GK
247204,Emerson Aparecido Leite de Souza Junior,"RB, RM, RWB"
247263,Edmond Faycal Tapsoba,CB
255475,Antony Matheus dos Santos,"RW, LW"
225116,Alex Meret,GK
235353,Ismaila Sarr,RM
240243,Matheus Santos Carneiro Da Cunha,"CAM, ST, LM"
247851,Bruno Guimaraes Rodriguez Moura,"CM, CDM"
226491,Kieran Tierney,"LB, LWB"
236593,Calvin Stengs,RW
241084,Luis Fernando Diaz Marulanda,LM
241464,Pau Francisco Torres,CB
243282,Dwight McNeil,LM
230767,Renato Junior Luz Sanches,"CM, RM, CDM"
231340,Gonzalo Ariel Montiel,"RB, RWB"
231352,Tammy Bakumo-Abraham,ST
231447,Donyell Malen,ST
232580,Gabriel dos Santos Magalhaes,CB
239301,Lisandro Martinez,"CDM, CB, LB"
213666,Ruben Loftus-Cheek,CM
221491,Nico Elvedi,CB
222077,Manuel Locatelli,"CDM, CM"
222357,Breel-Donald Embolo,"ST, CAM"
223898,Paul Bernardoni,GK
229237,Manuel Obafemi Akanji,CB
229391,Joao Maria Lobo Alves Palhinha Goncalves,"CDM, CM"
230065,Suat Serdar,"CM, CDM, CAM"
231691,Alban Lafont,GK
234236,Patrik Schick,"ST, RW"
235805,Federico Chiesa,"CF, RW"
235889,Cengiz Under,"RM, RW"
236679,Oscar Melendo Jimenez,"RM, CAM"
237183,Matias Nicolas Rojas Romero,"LM, CM, RM"
240679,Teun Koopmeiners,"CDM, CB"
240900,Unai Nunez Gestoso,CB
212501,Leander Dendoncker,"CB, CM"
212692,Marcos Paulo Mesquita Lopes,"LW, LM"
214947,Jean-Philippe Gbamin,"CDM, CM"
216435,Stanislav Lobotka,"CM, CDM"
220477,Mattia Caldara,CB
220883,Rafael Santos Borre Maury,ST
223113,Krzysztof Piatek,ST
225085,Jonathan Bamba,LM
228336,Florian Grillitsch,"CM, CDM"
229857,Stefano Sensi,"CM, CDM"
230147,Falaye Sacko,RB
235410,Youssef En-Nesyri,ST
244467,Ondrej Kolar,GK
202335,Eric Dier,"CDM, CB"
208268,Bryan Cristante,"CDM, CM, CAM"
212300,Jack O'Connell,CB
219581,Samuel Gigot,CB
225263,Duje Caleta-Car,CB
225711,Abdou Diallo,"CB, LB"
226766,Daniel Castelo Podence,"LW, RW, CF"
234835,Domingos Sousa Coutinho Meneses Duarte,CB
199189,Ross Barkley,"CM, CAM"
202811,Damian Emiliano Martinez,GK
203775,Loris Karius,GK
204077,M'Baye Babacar Niang,ST
204529,Michy Batshuayi Tunga,ST
207421,Leandro Trossard,"LM, LW"
210864,Elseid Hysaj,"RB, LB"
212153,Roberto Gagliardini,"CDM, CM"
213160,Roman Zobnin,"CDM, CM, LM"
242348,Lorenzo Jesus Moron Garcia,ST
192227,Shkodran Mustafi,CB
199915,Lewis Dunk,CB
204936,John Egan,CB
207791,Yussuf Yurary Poulsen,ST
208135,Abdoulaye Doucoure,"CDM, CAM, CM"
210047,Fabian Lukas Schar,CB
210315,Raul de Tomas Gomez,ST
212442,Jose Pedro Malheiro de Sa,GK
214097,Benjamin Bourigeaud,"CM, LM"
219681,Jordan Amavi,LB
220523,Yerry Fernando Mina Gonzalez,CB
188988,Manuel Lanzini,"CAM, CM, LM"
198657,Jonas Svensson,RB
198658,Fredrik Midtsjo,"CM, CDM"
198719,Nathan Redmond,LM
201315,Pablo Nascimento Castro,CB
202325,Diego Demme,"CDM, CM"
202429,Danny Vieira da Costa,"RWB, RM, RB"
205192,Denis Suarez Fernandez,"LW, LM, CM"
207441,Luciano Dario Vietto,"LW, ST"
207599,Michael Keane,CB
207993,Sead Kolasinac,"LB, LWB"
209973,Jean-Pierre Nsame,ST
210287,Jhon Andres Cordoba Copete,ST
212213,Ricardo Sousa Esgaio,"RWB, RW"
220093,Hans Hateboer,RM
223061,Franco Emanuel Cervi,LM
223597,Ruben Aguilar,"RB, RWB"
223816,Jonathan Javier Rodriguez Portillo,"ST, LW"
225997,Benjamin Verbic,LM
230020,Pierre Lees-Melou,CM
230977,Miguel Angel Almiron Rejala,"CAM, RM, LW"
110677,Miguel Angel Moya Rumbo,GK
124375,Burak Ylmaz,ST
140293,Antonio Mirante,GK
142707,Lisandro Lopez,ST
143001,Carlos Alberto Tevez,"ST, CAM, CF"
143121,Jose Ernesto Sosa,"CM, CDM"
146296,Andres Eduardo Fernandez Moreno,GK
154472,Jorge Molina Vidal,ST
158626,Mathieu Debuchy,"RB, CB, RWB"
163264,Tom Heaton,GK
165109,Stefan Daniel Radu,CB
166706,Martin Skrtel,CB
169705,Ryan Bertrand,LB
170733,Gervais Lombe Yao Kouassi,"LW, RW"
171791,Jose Miguel da Rocha Fonte,CB
171897,Jose Andres Guardado Hernandez,"CM, CDM, LM"
172962,Victor Moses,"RM, RWB"
173208,Domenico Criscito,"LB, CB, LM"
173221,Antonio Candreva,RM
173306,Cristian Daniel Ansaldi,"LM, LB"
173909,Kevin-Prince Boateng,"CF, CM"
175254,Felipe Salvador Caicedo Corozo,"CF, ST"
176376,Ignacio Piatti,"LW, LM, ST"
177392,Dieumerci Mbokani Bezua,ST
178213,Etienne Capoue,"CDM, CM"
178250,Papa Kouly Diop,"CDM, CM"
180714,Guilherme Alvim Marinato,GK
183353,Victor David Diaz Miguel,RB
183899,Pablo Daniel Piatti,"LM, LW, RM"
186547,Mateo Pablo Musacchio,CB
188041,Rafael de Souza Pereira,"CDM, CM"
188042,Matias Ezequiel Suarez,"ST, LW"
188268,Lautaro German Acosta,"LW, ST, RW"
188427,Senad Lulic,LM
189068,Bas Dost,ST
189280,Ashley Westwood,CDM
190149,Oscar de Marcos Arana,"RB, RW"
190243,Marwin Hitz,GK
190717,Michail Antonio,"ST, RM, LM"
191687,Maicon Pereira Roque,CB
192045,Luis Alfonso Rodriguez Alanis,RB
192086,Aleksandr Kokorin,"ST, RW"
192123,Chris Wood,ST
192546,Enda Stevens,"LWB, LB"
193152,Iago Herrerin Buisan,GK
193352,Ricardo Ivan Rodriguez Araya,LB
193601,German Alejandro Pezzella,CB
193738,Younes Belhanda,"CAM, CM"
194209,Youssef El Arabi,ST
194222,Victor Laguardia Cisneros,CB
194229,Hugo Mallo Novegil,RB
196978,Callum Wilson,ST
197225,Marcelo Nicolas Lodeiro Benitez,"CAM, RM, CF"
198031,Sergio Miguel Relvas de Oliveira,CM
198077,Patrick Herrmann,"RW, RM"
198118,Josuha Guilavogui,"CDM, CM, CB"
198129,Celso Fabian Ortiz Gamarra,"CDM, CM"
198140,Rogelio Gabriel Funes Mori,ST
198949,Kevin Malcuit,"RB, RM"
199206,Domagoj Vida,"CB, RB"
199393,Nicolas Pallois,CB
200155,Hans Vanaken,"CAM, CM"
200315,Cristian Tello Herrera,"LM, RM"
200529,Nacer Chadli,LW
201042,Djibril Sidibe,RB
201325,Anton Ciprian Tatarusanu,GK
202024,Remo Freuler,CM
202884,Leonardo Spinazzola,"LM, RB, LB"
204024,Christoph Kramer,CDM
204125,Jan Boril,"LB, RB"
205114,T. Inui,"LM, RM"
205364,Filip Novak,LB
205525,Bernard Anicio Caldeira Duarte,LM
205686,Teji Savanier,"CM, CDM"
205705,Zouhair Feddal Agharbi,CB
205976,Leonardo Carrilho Baptistao,"ST, RW, RM"
206058,Mattia De Sciglio,"RB, LB"
206545,Manuel Trigueros Munoz,"CM, CDM"
207557,Robin Olsen,GK
208295,Romain Saiss,"CB, CM"
208520,H. Sakai,"RB, LB"
209288,Florent Mollet,CAM
209846,Christian Gunter,"LB, LM, LWB"
210463,Darwin Daniel Machis Marcano,"LM, ST"
210537,Renato Steffen,RM
211899,Florian Niederlechner,ST
212096,Vincenzo Grifo,"LM, CF"
212183,Jose Ignacio Martinez Garcia,"LB, LWB"
214047,Andres Mateus Uribe Villa,"CM, CDM"
214766,Carlos Roberto Izquierdoz,CB
215057,Ivan Jose Marcone,"CDM, CM"
216150,Davide Zappacosta,"RB, RWB"
216373,Marcelo Augusto Ferreira Teixeira,"RB, CB"
217546,Nuno Miguel Ribeiro Cruz Jeronimo Sequeira,"LWB, LW"
221445,Wu Lei,"ST, LM, RM"
222943,Jonathan Rodriguez Menendez,LM
223053,Angel Israel Mena Delgado,"RM, RW, CAM"
224069,Karl Brillant Toko Ekambi,"ST, LM"
229788,Ruben Alcaraz Jimenez,"CM, CDM"
230183,Gerson Adriano Gutierres Serra,"LB, LWB, LM"
230206,Wellingt. Edson Sabrao Rolim,"RB, LB"
230212,A. Benjamin Chiamuloira Paes,"CB, LB"
230285,Vincente Filho Dourado Hermes,CB
230360,Everton Jorge Simao Resende,"RB, RM, CM"
230385,Alberto Marcelo Dutra Cirino,"LW, LM"
230406,G. Pierre Paiva Souza,"RM, RW"
230426,Arturo Adolfo Inalcio Dutra,"CM, CAM"
230440,Fred Claudinei Tofoli Vilela,ST
230442,Matheus Jadson Bardeira Cunha,ST
230460,Jonathan Prazeres Conradi,LW
241771,Anthony Nuatuzor Nwakaeme,LM
244470,Vladimir Coufal,RB
245298,Daniel Martin Lenzado,"CB, LB"
245315,Enzo Manuel Aguerro,ST
245324,Sebastian Bruno Luna,"RB, RM, CM"
241096,Sandro Tonali,"CDM, CM"
235619,Marcus Edwards,RW
246147,Mason Greenwood,"RM, ST"
243630,Jonathan Christian David,"ST, CF, CAM"
246960,Mohamed Amine Ihattaren,"CAM, RM, CM"
228413,Emil Audero Mulyadi,GK
239890,Ozan Muhammed Kabak,CB
244193,Jovane Eduardo Borges Cabral,"LW, RW"
247394,Dejan Kulusevski,"RW, CAM"
224422,Jeremie Boga,"LM, LW"
231521,Exequiel Alejandro Palacios,"CM, RM, CAM"
236496,Matteo Guendouzi Olie,"CDM, CM"
236572,Owen Wijndal,LB
238074,Reece James,"RB, CDM"
240699,Diego Nicolas De La Cruz Arcosa,"CM, CAM, LW"
246172,Samuel Chimerenka Chukwueze,RM
236355,Luiz Felipe Ramos Marchi,CB
238227,Krepin Diatta,"RM, LM, ST"
239482,Wenderson Rodrigues do Nascimento Galeno,"RW, LW"
240716,Mathias Olivera Miramontes,"LB, LM"
224158,Sofyan Amrabat,CM
224371,Jarrod Bowen,RM
231633,Issa Diop,CB
234045,Henry Chukwuemeka Onyekuru,"LM, ST"
236506,Marcos Nicolas Senesi Baron,CB
242236,Francisco Reis Ferreira,CB
220570,Jan Bednarek,CB
220710,Harry Wilson,"RM, CM"
224490,Mehmet Zeki Celik,RB
226162,Emiliano Buendia,RM
227236,Andre-Franck Zambo Anguissa,"CM, CDM"
229764,Inigo Cordoba Querejeta,LW
230965,Nahitan Michel Nandez Acosta,"CM, CDM, RM"
231416,Dodi Lukebakio,"RM, ST, LM"
232097,Amine Harit,"CAM, CM, LM"
232104,Daniel James,"RM, LM"
236401,Noussair Mazraoui,"RB, CM"
205201,Okay Yokuslu,"CDM, CM"
208777,Oliver Torres Munoz,"CM, LW"
213135,Divock Okoth Origi,"ST, LW"
215399,Ruben Miguel Nunes Vezo,"CB, RB"
222501,Timothy Castagne,"RM, LM"
223550,Jonas Omlin,GK
225309,Nadiem Amiri,"CAM, CM"
226229,Thilo Kehrer,"CB, RB"
226380,Hwang Hee Chan,ST
226637,Ruben Duarte Sanchez,LB
230727,Gautier Larsonneur,GK
230938,Franck Yannick Kessie,CM
235945,Marc Roca Junque,"CDM, CM"
203487,Jamaal Lascelles,CB
208509,Thomas Foket,RB
211784,Neal Maupay,ST
213655,Alex Iwobi,LM
216266,Kenny Tete,RB
216380,Daley Sinkgraven,"LB, CM"
216549,Alexander Sorloth,ST
222390,Unai Lopez Cabrera,"CM, CDM"
223273,Mario Pasalic,"CM, CAM"
225024,Mason Holgate,"CB, RB"
226300,Ugurcan Cakr,GK
228747,Oussama Idrissi,LW
229773,Georgiy Dzhikiya,CB
230043,Christ-Emmanuel Faitout Maouassa,"LB, LWB"
234226,Bruno Viana Willemen Da Silva,CB
198513,Claudio Pires de Morais Ramos,GK
200316,Timo Horn,GK
205186,Paulo Dino Gazzaniga,GK
206115,Isaac Hayden,"CDM, CM"
208787,Adrien Thomasson,"CAM, CM"
212219,Alexander Djiku,"CB, CDM"
213991,Jefferson Andres Lerma Solis,"CDM, CM"
215455,Bruno Petkovic,"ST, CAM"
215716,Aleksandar Mitrovic,ST
216820,Moses Daddy Simon,"LM, ST, RM"
219258,Pedro Henrique Pereira da Silva,CB
219391,Gonzalo Escalante,"CDM, CM"
220421,Hassane Kamara,"LB, LM"
220621,Mohamed Said Benrahma,LW
221832,Lucas Rene Olaza Catrofe,LB
223329,Andrea Conti,"RB, RM"
225126,Ellyes Skhiri,"CDM, CM"
225951,Denis Bouanga,"LM, RM"
226627,T. Minamino,"RW, ST"
201377,Jeison Fabian Murillo Ceron,CB
202648,Sergi Darder Moll,"CM, LM, CAM"
204308,Hendrik Van Crombrugge,GK
205362,Matija Nastasic,CB
206652,Sergio Rico Gonzalez,GK
208364,Clinton Mukoni Mata Pedro Lourenco,"CB, RB, RM"
212491,Arthur Masuaku,"LB, LWB"
212616,Rodrigo Javier De Paul,"CM, CF"
212886,Wylan Cyprien,"CM, CDM"
216452,Goncalo Mendes Paciencia,ST
222715,Otavio Henrique Passos Santos,"CDM, CM"
229517,Laureano Antonio Villa Suarez,"LM, CAM"
192622,Shane Patrick Michael Duffy,CB
192816,Leandro Daniel Cabrera Sasia,"CB, LB"
197948,Florian Lejeune,CB
199577,Sergi Gomez Sola,CB
199833,Lars Unnerstall,GK
200094,Magomed Ozdoev,"CDM, CM"
200677,Pedro Filipe Teodosio Mendes,CB
200855,George Baldock,RWB
202849,Jannik Vestergaard,CB
203106,Leonardo Bittencourt,"RM, LM, CM"
203483,Davy Klaassen,"CM, CAM"
203980,Konstantinos Fortounis,"CAM, RM, LM"
204760,Charlie Taylor,LB
205995,Jetro Willems,"LWB, LB, LM"
206590,Moises Gomez Bordonado,"LM, CM"
210384,Ridgeciano Haps,LB
211093,Callum William McGregor,"CDM, CM"
212207,Nicolae Claudiu Stanciu,"CAM, RM, CM"
212811,Mario Lemina,"CM, CDM"
215353,Lucas Nicolas Alario,ST
215466,Nikola Maksimovic,CB
216466,Wendell Nascimento Borges,LB
216655,Bartolomeu Jacinto Quissanga,CB
217036,Alexandre Moreno Lopera,"LB, LWB, LM"
220414,Diego Rico Salguero,LB
220604,Jaume Domenech Sanchez,GK
221639,Mariano Diaz Mejia,ST
232862,S. Nakajima,LM
54050,Wayne Mark Rooney,"CAM, CM, ST"
104389,Rune Almenning Jarstein,GK
146952,Ivan Cuellar Sacristan,GK
152908,Ashley Young,"LM, RM, RB"
153260,Vitorino Hilton da Silva,CB
154950,Yuriy Zhirkov,"LB, LM"
155946,Robert Snodgrass,"RM, CM"
157301,Ryan Guno Babel,"LW, RW, ST"
158963,Lucas Rodrigo Biglia,"CDM, CM"
159175,Jacques-Alaixys Romao,CDM
161956,Borja Valero Iglesias,"CAM, CDM"
163301,Jonathan Emmanuel Orozco Dominguez,GK
164468,Gary Cahill,CB
169706,Jack Cork,CDM
170370,Jonathan dos Santos Ramirez,CM
173432,Hector Alfredo Moreno Herrera,CB
174543,Claudio Andres Bravo Munoz,GK
176495,Matheus Leite Nascimento,"LW, CF, ST"
176994,Regis Gurtner,GK
178007,Miguel Luis Pinto Veloso,"CM, CDM"
178224,Javier Hernandez Balcazar,ST
178415,Ruud Willem Vormer,CM
179605,Adel Taarabt,"CM, CAM"
179783,Ralf Fahrmann,GK
179789,Damien Da Silva,CB
179847,Federico Julian Fazio,CB
180819,Adam David Lallana,CM
181820,Stevan Jovetic,"ST, CAM"
182896,Roberto Jose Rosales Altuve,"RWB, RB"
182945,Max-Alain Gradel,"LW, LM"
183427,Fabian Delph,"CDM, CM, LB"
183855,Angelo Obinze Ogbonna,CB
184274,Chris Basham,CB
184575,Romain Alessandrini,"RM, LM, RW"
184703,Luis Arturo Montes Jimenez,"CM, CDM, CAM"
185132,Mikel San Jose Dominguez,"CM, CDM"
185195,Odion Jude Ighalo,ST
185422,Joshua King,"CF, ST, LM"
185431,Nikola Kalinic,ST
186143,Oliver Norwood,CM
186190,Patrick van Aanholt,LB
186302,Elias Hernan Hernandez Jacuinde,"RM, RW"
186395,Matt Ritchie,"RM, LWB"
186682,Angel Montoro Sanchez,CDM
186801,Cheikhou Kouyate,"CDM, CM"
186905,Ashley Barnes,ST
187598,Rafael Toloi,CB
188044,Alan Douglas Borges de Carvalho,"ST, LW, LM"
188103,Ruben Rochina Naixes,"RM, CM, CAM"
189165,Jonjo Shelvey,CM
189177,John Fleck,CM
189250,Jose Salomon Rondon Gimenez,ST
189251,Sebastian Rudy,"CM, CDM, RB"
189324,Alex McCarthy,GK
189433,Benjamin Hubner,CB
189472,Aridane Hernandez Umpierrez,CB
189606,Julian Baumgartlinger,CDM
189615,Aaron Cresswell,"LB, CB"
189681,Rafael Pereira da Silva,RB
189712,Kevin Strootman,"CDM, CM"
190113,Fehmi Mert Gunok,GK
190264,Iago Falque Silva,"CF, ST, RW"
190432,Oier Sanjurjo Mate,"CDM, CM"
190577,Sebastian Marcelo Blanco,"LM, RM, CAM"
190745,Marco Silvestri,GK
190765,Pascal Gro,"CM, CAM, RM"
190875,Juraj Kucka,"CM, CDM"
191011,Luigi Sepe,GK
191076,Johann Berg Gumundsson,"RM, LM"
191180,Javier Matias Pastore,"CAM, CM"
192270,Johnathan Aparecido da Silva,"ST, CAM"
192427,Uilson de Souza Paula Junior,RB
192641,Kevin Vogt,"CB, CDM"
192678,Enrique Garcia Martinez,ST
193061,Roberto Maximiliano Pereyra,LM
193361,Roberto Soriano,"CAM, CM"
193469,Victor Ruiz Torre,CB
193532,Gary Alexis Medel Soto,"CDM, CB"
193683,Xavier Chavalerin,CDM
194333,Rafal Gikiewicz,GK
194644,Martin Montoya Torralbo,"RB, RWB"
194728,Ishak Belfodil,ST
194794,Andriy Yarmolenko,"RM, RW"
194879,Sergio Enrich Ametller,ST
194932,Andros Townsend,"RM, ST"
195096,Fransergio Rodrigues Barbosa,"CM, CAM"
196069,Jose Pedro Fuenzalida Gana,"RW, RB, RM"
196147,Giovanni Andres Moreno Cardona,"ST, CAM"
196889,Simone Verdi,"CF, CAM, LW"
197083,Daniel Caligiuri,"RM, RWB, RB"
197756,Jordan Ayew,"ST, RM"
197837,Anga Dedryck Boyata,CB
198200,Benjamin Stambouli,"CB, CDM"
198230,German Sanchez Barahona,CB
198946,Danilo D'Ambrosio,"RB, LB, CB"
200215,Sebastian Rode,"CDM, CM"
201262,Vladimir Darida,"CM, CAM, CDM"
201508,Gaston Exequiel Ramirez Pereyra,CAM
201510,Layvin Kurzawa,"LB, LM, RB"
201982,Jonathan Schmid,"RB, RM, RWB"
201988,Federico Fernandez,CB
202493,Aleix Vidal Parreu,"RM, LM"
202685,Simone Zaza,ST
203757,Jose Luis Mendes Andrade,ST
204277,Roque Mesa Quevedo,"CM, CDM"
204472,Bouna Sarr,"RB, RW"
204538,Raul Mario Ruidiaz Misitich,ST
205407,Daniele Baselli,CM
205566,Alberto Moreno Perez,LB
205965,Stefan Ristovski,"RB, RM, RWB"
206225,Denis Cheryshev,LM
206493,Yunis Abdelhamid,CB
206651,Roberto Torres Morales,"RM, CM"
207471,Franco Damian Vazquez,"CM, CAM, LM"
207494,Jesse Lingard,"CAM, RM"
207664,Carlos Arturo Bacca Ahumada,ST
207732,Roger Marti Salvador,ST
208004,Joel Veltman,"CB, RB"
208230,Andreas Samaris,"CDM, CM"
208334,Jonas Hector,"CDM, LB"
210282,Bruno da Silva Peres,"RB, RM"
210324,Jonas Hofmann,"CAM, CM"
211267,Adrian Ricardo Centurion,"RW, LW, LM"
212067,Camilo Andres Vargas Gil,GK
213400,Diego Sebastian Laxalt Suarez,LM
213577,Antonio Jose Rodriguez Diaz,"RM, LM"
213874,Thiago Henrique Mendes Ribeiro,"CM, CDM"
214132,Yimmi Javier Chara Zamora,"RM, ST, CAM"
214781,Silvio Ezequiel Romero,"ST, RW, RM"
215108,Julio Alberto Buffarini,RB
216451,Jean Michael Seri,"CM, CDM"
217699,Islam Slimani,ST
223249,Gabriel Arias Arroyo,GK
223627,Omar Jehad Al Somah,ST
224031,Adam Marusic,RM
224394,Fabio Santos Martins,"LW, CF"
227476,Francisco das Chagas Soares dos Santos,ST
229624,Sergio Guardiola Navarro,ST
230182,Lucas Luciano Mantela Patricio,GK
230241,Enzo Leandro Chissano Baia,"LB, RB, CB"
230269,Claudio Nuno Cointra Calegari,"CAM, CF"
230331,Wagner Mauro Laranjo Coelho,"CDM, CM"
230337,Andeson Jaime Trigo Goncalves,"LB, LM, CAM"
230346,Jadson Jose Meireles Correia,"CDM, CM"
230349,Rodrigo Eder Vuarte Ruiz,CDM
230371,Victor Martin Maia Padilha,"RB, RM"
230379,Danilo Manuel Vieira Espindola,CB
230431,Sidney Adrian Pessoa Vidigal,"CDM, CM"
237135,Davidson da Luz Pereira,LW
241788,Mehdi Taremi,"ST, CF"
245296,Jorge Sandro Herreria,"RB, RM"
245301,Leandro Agustin Baezo,CDM
245303,Federico Luis Contedo,"CAM, CF"
245325,Vicente Damian Castro,"CDM, CM"
251698,Kevin Berlaso,RB
253004,Anssumane Fati,"LW, RW"
248243,Eduardo Camavinga,CM
240950,Pedro Antonio Pereira Goncalves,CM
234569,Florentino Ibrain Morris Luis,"CDM, CM"
238067,Nicolo Zaniolo,"CAM, RM"
228708,Lucas Martinez Quarta,CB
232756,Fikayo Tomori,CB
232999,Tyler Adams,"CDM, RWB"
234574,Jose Diogo Dalot Teixeira,"RB, LB"
238160,Merih Demiral,CB
238370,Marin Pongracic,CB
239817,Boubakary Soumare,"CDM, CM"
241202,Patson Daka,ST
252935,Leonardo Cecilio Fernandez Lopez,CAM
225782,Ainsley Maitland-Niles,"RWB, RB, RM"
232229,Justin Bijlow,GK
235926,Federico Matias Zaracho,"CM, CAM, RM"
236532,Robin Koch,"CB, CDM"
244380,Vitaliy Mykolenko,LB
244915,Mohamed Salisu Abdul Karim,CB
220085,Gian-Luca Waldschmidt,"CF, ST"
220196,David Brooks,RM
221014,Carlos Fernandez Luna,"ST, CAM"
222368,Anton Miranchuk,"CAM, RM"
224263,Jonjoe Kenny,"RB, RWB"
224540,Emmanuel Okyere Boateng,ST
226168,Maximilian Eggestein,"CM, CDM"
229862,Eduardo Exposito Jaen,"CM, CDM, CAM"
231102,Ludovic Blas,"RM, CAM"
233195,Xaver Schlager,"CM, CAM, CDM"
234711,Josip Brekalo,"LM, CF"
234833,Florian Muller,GK
235844,Edson Omar Alvarez Velazquez,"CDM, CB"
236461,Jean-Philippe Mateta,ST
237043,Roberto Carlos Alvarado Hernandez,"LM, RM, CAM"
239015,Emmanuel Bonaventure Dennis,"ST, RW, LW"
211101,Ruben Blanco Veiga,GK
224081,Kalvin Phillips,"CDM, CB"
224221,Joachim Andersen,CB
225161,Jesus Vallejo Lazaro,CB
227275,Agustin Daniel Rossi,GK
227647,Maximilian Mittelstadt,"LB, LM"
228635,Borja Mayoral Moya,ST
229582,Gianluca Mancini,"CB, CDM"
232244,Santiago Lionel Ascacibar,"CDM, CM"
233631,Amath Ndiaye,LM
234128,Luiz de Araujo Guimaraes Neto,"LM, RM"
234573,Aurelio Gabriel Ulineia Buta,"RB, RWB, RM"
234777,Zack Steffen,GK
235424,Diadie Samassekou,"CDM, CM"
236786,Martin Terrier,"LW, ST"
206003,Yvon Landry Mvogo Nganoma,GK
210881,John McGinn,CM
212977,Niklas Stark,"CB, CDM"
215689,Andrea Petagna,ST
216816,Giovanni Pablo Simeone,ST
218339,Mahmoud Dahoud,"CM, CDM"
218659,Matt Targett,"LB, LWB"
221697,Ollie Watkins,"ST, RW"
222160,Youssouf Kone,LB
225201,Alejandro Berenguer Remiro,"CF, ST, LW"
225403,Irfan Can Kahveci,"CM, CAM"
227222,Frederic Guilbert,"RB, RWB"
227234,Lucas Tousart,"CDM, CM"
228414,Matheus Fellipe Costa Pereira,"CAM, RW"
228881,Davide Calabria,RB
231887,Yusuf Yazc,"CAM, RM"
232223,Konstantinos Tsimikas,"LB, LWB"
232381,Wesley Moraes Ferreira da Silva,ST
233927,Lucas Tolentino Coelho de Lima,"CM, CAM"
234678,Joakim Mhle Pedersen,RB
235634,Ghislain Konan,LB
236441,Fabricio Bustos Sein,"RB, RWB, RM"
237207,Samuel Kalu Ojim,"LM, RM, RW"
240190,Pierre Kunde Malong,"CDM, CM"
242201,Luis Milla Manzanares,CDM
243686,Francisco Leonel Lima Silva Machado,CAM
246844,Carlos Neva Tey,LB
201931,Gabriel Vasconelos Ferreira,GK
212623,Santiago Mina Lorenzo,"ST, RW"
216320,Seko Fofana,"CM, CDM"
225293,Habibou Mouhamadou Diallo,ST
225341,David Garcia Zubiria,CB
226221,Aritz Elustondo Irribaria,"CB, RB"
228579,Benjamin Henrichs,"RB, LB, RM"
229221,William de Asevedo Furtado,"RB, RM, LB"
229712,Jorge Marco de Oliveira Moraes,LB
230625,Matheus Reis de Lima,LB
231361,Joris Gnagnon,CB
232730,D. Kamada,"CAM, CF, ST"
244263,Amir Rrahmani,CB
204082,John Brooks,CB
205391,Soualiho Meite,"CM, CDM"
206516,Will Hughes,"CM, RM, CDM"
207948,Bertrand Isidore Traore,"RW, RM"
209519,Gaetan Laborde,ST
210136,Tomasz Kedziora,RB
210761,Rodolfo Gilbert Pizarro Thomas,"CAM, LM, CM"
210972,Javier Manquillo Gaitan,"RWB, RB, LWB"
211382,Ibrahim Amadou,"CDM, CB"
212150,Max Meyer,"LM, CM"
212602,Diego Javier Llorente Rios,CB
213013,Frank Opoku Acheampong,"ST, LW"
213732,Aleksandr Selikhov,GK
214009,Gustavo Leonardo Cuellar Gallego,CDM
214977,Claudio Matias Kranevitter,"CDM, CM"
215639,Robert Kenedy Nunes do Nascimento,LM
215785,Keita Balde Diao,"ST, LM, LW"
219733,Ludovic Ajorque,ST
223710,Vedat Muriqi,ST
224425,Marius Wolf,"RM, RB"
227890,Nuno Miguel Gomes dos Santos,"LW, RW"
231786,Andraz Sporar,ST
237556,Christian Luyindama Nekadio,"CB, CDM"
238305,Ignacio Vidal Miralles,"RB, RWB"
247030,Petr Sevcik,"CM, RM, CDM"
189908,Lukasz Skorupski,GK
199652,Dennis Praet,CM
200746,John Lundstram,CM
201269,Frederik Ronnow,GK
201976,Alfred Benjamin Gomis,GK
202089,Luis Ricardo Mejia Cajar,GK
203030,Robin Knoche,CB
208165,Berat Djimsiti,CB
212204,Brandon Mechele,CB
213629,Erick Antonio Pulgar Farfan,"CDM, CM"
213899,Eder Fabian Alvarez Balanta,"CDM, CB, CM"
219814,Sean Klaiber,RB
224003,Sergio Herrera Piron,GK
224396,Yeimar Pastor Gomez Andrade,CB
225659,Guido Rodriguez,"CDM, CM"
226537,Vincent Janssen,ST
190120,Karl-Johan Anton Johnsson,GK
190324,Christian Kabasele,CB
190734,Giorgi Makaridze,GK
190778,Jeroen Zoet,GK
199745,Erik Sviatchenko,CB
200054,Pedro Mba Obiang Avomo,"CDM, CM"
200353,Bakary Adama Soumaoro,CB
201939,Cristiano Piccini,RB
203903,Lucas Andersen,"LW, ST"
205346,Ryan Fredericks,RB
205402,Jean-Paul Boetius,CAM
205431,Niclas Fullkrug,ST
205855,Marko Livaja,"ST, CF, LW"
206591,Mitchell Weiser,"RB, RM"
207537,Jordan Zacharie Lukaku Menama Mokelenge,"LM, LB"
208451,Robin Quaison,"ST, LM, CAM"
209523,Derlis Alberto Gonzalez Galeano,"LM, RM, ST"
209981,Yassine Bounou,GK
210679,Paulo Andre Rodrigues de Oliveira,CB
211368,Armindo Tue Na Bangna,LM
211454,Mohamed Naser Elsayed Elneny,"CDM, CM"
212678,Ludwig Augustinsson,"LB, LWB, LM"
212722,DeAndre Yedlin,"RWB, RB"
215616,David Jason Remeseiro Salgueiro,RM
216158,Silvan Dominic Widmer,RB
217870,Giovanni Di Lorenzo,"RB, RM"
218066,Mbwana Ally Samatta,ST
219862,Miguel Angel Borja Hernandez,ST
221201,Tim Leibold,"LB, LM"
223058,Daler Kuzyaev,"CM, CDM, RM"
226045,Jesus Daniel Gallardo Vasconcelos,"LM, LW, LB"
226377,Gonzalo Nicolas Martinez,"CAM, CF, RW"
228236,Simon Desire Sylvanus Deli,CB
230967,Brian Avelino Lozano Aparicio,"LM, RM"
134744,Atiba Hutchinson,"CDM, CM"
142902,Andriy Pyatov,GK
143699,Gokhan Gonul,RB